address,reg_name,bits,field,type,default_value,modify,analysis,,,,,,,,,,,,,,,,,,,,,,,,,,,,,,,,
0x0003,PXL_BINN_CFG,[7:2],Rev,R/W,6'd0,,,,,,,,,,,,,,,,,,,,,,,,,,,,,,,,,,
,,[1:0],PXL_BINN_SEL,R/W,2'd0,Yes,Yes,,,,,,,,,,,,,,,,,,,,,,,,,,,,,,,,
0x0004,SYS_CTRL,[7],TX_FRM_MODE,R/W,1'd0,Yes,Yes,,,,,,,,,,,,,,,,,,,,,,,,,,,,,,,,
,,[6],TRG_I_EN,R/W,1'd0,Yes,Yes,,,,,,,,,,,,,,,,,,,,,,,,,,,,,,,,
,,[5],Rev,R/W,1'd0,,,,,,,,,,,,,,,,,,,,,,,,,,,,,,,,,,
,,[4],SINT_EN,R/W,1'd0,,,,,,,,,,,,,,,,,,,,,,,,,,,,,,,,,,
,,[3],Rev,R/W,1'd0,,,,,,,,,,,,,,,,,,,,,,,,,,,,,,,,,,
,,[2:1],WORK_MODE,R/W,2'd0,Yes,Yes,,,,,,,,,,,,,,,,,,,,,,,,,,,,,,,,
,,[0],MST_MODE,R/W,1'd0,Yes,Yes,,,,,,,,,,,,,,,,,,,,,,,,,,,,,,,,
0x0005,SYSCLK1M_DIVL,[7:0],SYSCLK1M_DIV[7:0],R/W,8'h8F,Yes,Yes,,,,,,,,,,,,,,,,,,,,,,,,,,,,,,,,
0x0006,SYSCLK1M_DIVH,[7:2],XCLK1M_DIV,R/W,6'd0,,,,,,,,,,,,,,,,,,,,,,,,,,,,,,,,,,
,,[1],Rev,R/W,1'd0,,,,,,,,,,,,,,,,,,,,,,,,,,,,,,,,,,
,,[0],SYSCLK1M_DIV[8],R/W,1'd1,Yes,Yes,,,,,,,,,,,,,,,,,,,,,,,,,,,,,,,,
0x000B,SYNC_POL,[7:1],Rev,R/W,7'd0,,,,,,,,,,,,,,,,,,,,,,,,,,,,,,,,,,
,,[0],SYNC_POL,R/W,1'd0,Yes,Yes,,,,,,,,,,,,,,,,,,,,,,,,,,,,,,,,
0x000C,SYSCLK10M_DIV,[7:0],SYSCLK10M_DIV,R/W,8'h27,Yes,Yes,,,,,,,,,,,,,,,,,,,,,,,,,,,,,,,,
0x000D,FRM_IDLETIME,[7:0],FRM_IDLETIME,R/W,8'd0,Yes,Yes,,,,,,,,,,,,,,,,,,,,,,,,,,,,,,,,
0x0012,TXU_CFG,[7:5],Rev,R/W,3'd0,,,,,,,,,,,,,,,,,,,,,,,,,,,,,,,,,,
,,[4],PKT_CHKSUM_EN,R/W,1'd0,Yes,Yes,,,,,,,,,,,,,,,,,,,,,,,,,,,,,,,,
,,[3],ONE_DT_MODE,R/W,1'd0,Yes,Yes,,,,,,,,,,,,,,,,,,,,,,,,,,,,,,,,
,,[2:1],Rev,R/W,2'd0,,,,,,,,,,,,,,,,,,,,,,,,,,,,,,,,,,
,,[0],DATA_WIDTH_SEL,R/W,1'd0,Yes,Yes,,,,,,,,,,,,,,,,,,,,,,,,,,,,,,,,
0x0013,MIPI_PACK_CTRL,[7:6],Rev,R/W,2'd0,,,,,,,,,,,,,,,,,,,,,,,,,,,,,,,,,,
,,[5:4],PACK_16PXL_NUM,R/W,2'd0,Yes,Yes,,,,,,,,,,,,,,,,,,,,,,,,,,,,,,,,
,,[3],PACK_16PXL_EN,R/W,1'd0,Yes,Yes,,,,,,,,,,,,,,,,,,,,,,,,,,,,,,,,
,,[2],PACK_8PXL_EN,R/W,1'd0,Yes,Yes,,,,,,,,,,,,,,,,,,,,,,,,,,,,,,,,
,,[1],PACK_4PXL_EN,R/W,1'd0,Yes,Yes,,,,,,,,,,,,,,,,,,,,,,,,,,,,,,,,
,,[0],PACK_2PXL_EN,R/W,1'd0,Yes,Yes,,,,,,,,,,,,,,,,,,,,,,,,,,,,,,,,
0x0014,MIPI_FEND_DLY,[7:0],MIPI_FEND_DLY,R/W,8'd0,Yes,Yes,,,,,,,,,,,,,,,,,,,,,,,,,,,,,,,,
0x0015,MIPI_TXDLY1,[7:0],MIPI_PKTDLY1_CYC[7:0],R/W,8'd0,Yes,Yes,,,,,,,,,,,,,,,,,,,,,,,,,,,,,,,,
0x0016,MIPI_TXDLY2,[7:0],MIPI_PKTDLY1_CYC[15:8],R/W,8'd0,Yes,Yes,,,,,,,,,,,,,,,,,,,,,,,,,,,,,,,,
0x0017,MIPI_TXDLY3,[7:0],MIPI_PKTDLY2_CYC[7:0],R/W,8'd0,Yes,Yes,,,,,,,,,,,,,,,,,,,,,,,,,,,,,,,,
0x0018,MIPI_TXDLY4,[7:0],MIPI_PKTDLY2_CYC[15:8],R/W,8'd0,Yes,Yes,,,,,,,,,,,,,,,,,,,,,,,,,,,,,,,,
0x0019,MIPI_TXDLY5,[7:0],MIPI_PKTDLY3_CYC[7:0],R/W,8'd0,Yes,Yes,,,,,,,,,,,,,,,,,,,,,,,,,,,,,,,,
0x001A,MIPI_TXDLY6,[7:0],MIPI_PKTDLY3_CYC[15:8],R/W,8'd0,Yes,Yes,,,,,,,,,,,,,,,,,,,,,,,,,,,,,,,,
0x001B,MIPI_TXDLY7,[7:0],MIPI_FSDLY_CYC[7:0],R/W,8'd0,Yes,Yes,,,,,,,,,,,,,,,,,,,,,,,,,,,,,,,,
0x001C,MIPI_TXDLY8,[7:2],Rev,R/W,6'd0,,,,,,,,,,,,,,,,,,,,,,,,,,,,,,,,,,
,,[1:0],MIPI_FSDLY_CYC[9:8],R/W,2'd0,Yes,Yes,,,,,,,,,,,,,,,,,,,,,,,,,,,,,,,,
0x001D,MIPI_PKT_PLNUM_L,[7:0],MIPI_PKT_PL_NUM[7:0],R/W,8'd0,Yes,Yes,,,,,,,,,,,,,,,,,,,,,,,,,,,,,,,,
0x001E,MIPI_PKT_PLNUM_H,[7:0],MIPI_PKT_PL_NUM[15:8],R/W,8'd0,Yes,Yes,,,,,,,,,,,,,,,,,,,,,,,,,,,,,,,,
0x0020,HIST_MINBIN_THRS,[7:0],HIST_MINBIN_THRS,R/W,8'd0,Yes,Yes,,,,,,,,,,,,,,,,,,,,,,,,,,,,,,,,
0x0021,HIST_MAXBIN_THRS,[7:0],HIST_MAXBIN_THRS,R/W,8'd255,Yes,Yes,,,,,,,,,,,,,,,,,,,,,,,,,,,,,,,,
0x0022,HIST_BINFULL_THRS_L,[7:0],HIST_BINFULL_THRS[7:0],R/W,8'hF0,Yes,Yes,,,,,,,,,,,,,,,,,,,,,,,,,,,,,,,,
0x0023,HIST_BINFULL_THRS_H,[7:2],Rev,R/W,6'd0,,,,,,,,,,,,,,,,,,,,,,,,,,,,,,,,,,
,,[1:0],HIST_BINFULL_THRS[9:8],R/W,2'd3,Yes,Yes,,,,,,,,,,,,,,,,,,,,,,,,,,,,,,,,
0x0024,HIST_NS_MINBIN_THRS,[7:0],NS_MINBIN_THRS,R/W,8'd0,Yes,Yes,,,,,,,,,,,,,,,,,,,,,,,,,,,,,,,,
0x0025,HIST_NS_MAXBIN_THRS,[7:0],NS_MAXBIN_THRS,R/W,8'd255,Yes,Yes,,,,,,,,,,,,,,,,,,,,,,,,,,,,,,,,
0x0026,HIST_MISC_CFG,[7:6],Rev,R/W,2'd0,,,,,,,,,,,,,,,,,,,,,,,,,,,,,,,,,,
,,[5],INTF_HIST_MODE,R/W,1'd0,Yes,Yes,,,,,,,,,,,,,,,,,,,,,,,,,,,,,,,,
,,[4],INTF_DET_EN,R/W,1'd0,Yes,Yes,,,,,,,,,,,,,,,,,,,,,,,,,,,,,,,,
,,[3],FLEX_SHOT_EN,R/W,1'd0,Yes,Yes,,,,,,,,,,,,,,,,,,,,,,,,,,,,,,,,
,,[2],Rev,R/W,1'd0,,,,,,,,,,,,,,,,,,,,,,,,,,,,,,,,,,
,,[1],BIN_WIDTH_MODE,R/W,1'd0,Yes,Yes,,,,,,,,,,,,,,,,,,,,,,,,,,,,,,,,
,,[0],BIN_WIDTH_SEL,R/W,1'd0,Yes,Yes,,,,,,,,,,,,,,,,,,,,,,,,,,,,,,,,
0x002B,ZDDACCNUM_THRS,[7],ZDD_TRIG_POL_SEL,R/W,1'd1,Yes,Yes,,,,,,,,,,,,,,,,,,,,,,,,,,,,,,,,
,,[6:1],Rev,R/W,6'd0,,,,,,,,,,,,,,,,,,,,,,,,,,,,,,,,,,
,,[0],ZDD_ACCNUM_THRS,R/W,1'd0,,,,,,,,,,,,,,,,,,,,,,,,,,,,,,,,,,
0x0036,FRM_SLOT_NUM_L,[7:0],FRM_SLOT_NUM[7:0],R/W,8'hAF,Yes,Yes,,,,,,,,,,,,,,,,,,,,,,,,,,,,,,,,
0x0037,FRM_SLOT_NUM_H,[7:0],FRM_SLOT_NUM[15:8],R/W,8'd4,Yes,Yes,,,,,,,,,,,,,,,,,,,,,,,,,,,,,,,,
0x0038,ANGLE_GRP_CFG,[7:3],Rev,R/W,5'd0,,,,,,,,,,,,,,,,,,,,,,,,,,,,,,,,,,
,,[2:0],ANGLE_GRP_SW_NUM,R/W,3'd5,Yes,Yes,,,,,,,,,,,,,,,,,,,,,,,,,,,,,,,,
0x0039,ANGLE_GRP0_SLOT_NUM,[7:0],ANGLE_GRP0_SLOT_NUM,R/W,8'd0,Yes,Yes,,,,,,,,,,,,,,,,,,,,,,,,,,,,,,,,
0x003A,ANGLE_GRP1_SLOT_NUM,[7:0],ANGLE_GRP1_SLOT_NUM,R/W,8'd0,Yes,Yes,,,,,,,,,,,,,,,,,,,,,,,,,,,,,,,,
0x003B,ANGLE_GRP2_SLOT_NUM,[7:0],ANGLE_GRP2_SLOT_NUM,R/W,8'd0,Yes,Yes,,,,,,,,,,,,,,,,,,,,,,,,,,,,,,,,
0x003C,ANGLE_GRP3_SLOT_NUM,[7:0],ANGLE_GRP3_SLOT_NUM,R/W,8'd0,Yes,Yes,,,,,,,,,,,,,,,,,,,,,,,,,,,,,,,,
0x003D,ANGLE_GRP4_SLOT_NUM,[7:0],ANGLE_GRP4_SLOT_NUM,R/W,8'd0,Yes,Yes,,,,,,,,,,,,,,,,,,,,,,,,,,,,,,,,
0x003E,ANGLE_GRP5_SLOT_NUM,[7:0],ANGLE_GRP5_SLOT_NUM,R/W,8'd0,Yes,Yes,,,,,,,,,,,,,,,,,,,,,,,,,,,,,,,,
0x003F,ANGLE_GRP6_SLOT_NUM,[7:0],ANGLE_GRP6_SLOT_NUM,R/W,8'd0,Yes,Yes,,,,,,,,,,,,,,,,,,,,,,,,,,,,,,,,
0x0040,ANGLE_GRP7_SLOT_NUM,[7:0],ANGLE_GRP7_SLOT_NUM,R/W,8'd0,Yes,Yes,,,,,,,,,,,,,,,,,,,,,,,,,,,,,,,,
0x0057,DRV_CHSWTME,[7:0],DRV_CHSWTME,R/W,8'd0,Yes,Yes,,,,,,,,,,,,,,,,,,,,,,,,,,,,,,,,
0x0058,ANA_MISC_CFG1,[7:5],Rev,R/W,3'd0,,,,,,,,,,,,,,,,,,,,,,,,,,,,,,,,,,
,,[4],LASDPW_SW,R/W,1'd1,,,,,,,,,,,,,,,,,,,,,,,,,,,,,,,,,,
,,[3:1],PHASE_DLY_OPT,R/W,3'd0,Yes,Yes,,,,,,,,,,,,,,,,,,,,,,,,,,,,,,,,
,,[0],REFTDC_DLY_EN,R/W,1'd0,,,,,,,,,,,,,,,,,,,,,,,,,,,,,,,,,,
0x0065,PLL0_DIV1,[7],Rev,R/W,1'd0,,,,,,,,,,,,,,,,,,,,,,,,,,,,,,,,,,
,,[6:4],PLL0_ID,R/W,3'd3,Yes,Yes,,,,,,,,,,,,,,,,,,,,,,,,,,,,,,,,
,,[3:2],Rev,R/W,2'd0,,,,,,,,,,,,,,,,,,,,,,,,,,,,,,,,,,
,,[1:0],PLL0_OD,R/W,2'd2,Yes,Yes,,,,,,,,,,,,,,,,,,,,,,,,,,,,,,,,
0x0066,PLL0_DIV2,[7:0],PLL0_FB,R/W,8'hFA,Yes,Yes,,,,,,,,,,,,,,,,,,,,,,,,,,,,,,,,
0x0068,PLL1_DIV1,[7],Rev,R/W,1'd0,,,,,,,,,,,,,,,,,,,,,,,,,,,,,,,,,,
,,[6:4],PLL1_ID,R/W,3'd3,Yes,Yes,,,,,,,,,,,,,,,,,,,,,,,,,,,,,,,,
,,[3:2],Rev,R/W,2'd0,,,,,,,,,,,,,,,,,,,,,,,,,,,,,,,,,,
,,[1:0],PLL1_OD,R/W,2'd0,Yes,Yes,,,,,,,,,,,,,,,,,,,,,,,,,,,,,,,,
0x0069,PLL1_DIV2,[7:0],PLL1_FB,R/W,8'h7D,Yes,Yes,,,,,,,,,,,,,,,,,,,,,,,,,,,,,,,,
0x006B,PLL2_DIV1,[7],Rev,R/W,1'd0,,,,,,,,,,,,,,,,,,,,,,,,,,,,,,,,,,
,,[6:4],PLL2_ID,R/W,3'd2,Yes,Yes,,,,,,,,,,,,,,,,,,,,,,,,,,,,,,,,
,,[3:2],Rev,R/W,2'd0,,,,,,,,,,,,,,,,,,,,,,,,,,,,,,,,,,
,,[1:0],PLL2_OD,R/W,2'd0,Yes,Yes,,,,,,,,,,,,,,,,,,,,,,,,,,,,,,,,
0x006C,PLL2_DIV2,[7:0],PLL2_FB,R/W,8'h37,Yes,Yes,,,,,,,,,,,,,,,,,,,,,,,,,,,,,,,,
0x0074,MIPIPLL_LPDH,[7:1],Rev,R/W,7'd0,,,,,,,,,,,,,,,,,,,,,,,,,,,,,,,,,,
,,[0],NS[8],R/W,1'd0,Yes,Yes,,,,,,,,,,,,,,,,,,,,,,,,,,,,,,,,
0x0075,MIPIPLL_LPDL,[7:0],NS[7:0],R/W,8'h54,Yes,Yes,,,,,,,,,,,,,,,,,,,,,,,,,,,,,,,,
0x0077,MIPIPLL_PPD,[7:5],MS,R/W,3'd2,Yes,Yes,,,,,,,,,,,,,,,,,,,,,,,,,,,,,,,,
,,[4:0],PS,R/W,5'd1,Yes,Yes,,,,,,,,,,,,,,,,,,,,,,,,,,,,,,,,
0x0079,TXESC_CLKDIV1,[7:5],Rev,R/W,3'd0,,,,,,,,,,,,,,,,,,,,,,,,,,,,,,,,,,
,,[4:0],TXESC_CLKDIV_CNT,R/W,5'hE,Yes,Yes,,,,,,,,,,,,,,,,,,,,,,,,,,,,,,,,
0x007A,TXESC_CLKDIV2,[7:4],Rev,R/W,4'd0,,,,,,,,,,,,,,,,,,,,,,,,,,,,,,,,,,
,,[3:0],TXESC_CLKDIV_DTY,R/W,4'd6,Yes,Yes,,,,,,,,,,,,,,,,,,,,,,,,,,,,,,,,
0x008D,SEG_NUM,[7:0],SEG_NUM,R/W,8'd0,Yes,Yes,,,,,,,,,,,,,,,,,,,,,,,,,,,,,,,,
0x008E,HIST_RD_OUT_TIME_L,[7:0],HIST_RD_OUT_TIME[7:0],R/W,8'd0,Yes,Yes,,,,,,,,,,,,,,,,,,,,,,,,,,,,,,,,
0x008F,HIST_RD_OUT_TIME_H,[7:0],HIST_RD_OUT_TIME[15:8],R/W,8'd0,Yes,Yes,,,,,,,,,,,,,,,,,,,,,,,,,,,,,,,,
0x00B0,DSP_CFG1,[7:0],OUT_TOTALBIN_NUM,R/W,8'd0,Yes,Yes,,,,,,,,,,,,,,,,,,,,,,,,,,,,,,,,
0x00B1,DSP_CFG2,[7],Rev,R/W,1'd0,,,,,,,,,,,,,,,,,,,,,,,,,,,,,,,,,,
,,[6:0],OUT_ECHOBIN_NUM,R/W,7'd0,Yes,Yes,,,,,,,,,,,,,,,,,,,,,,,,,,,,,,,,
0x00B2,DSP_CFG3,[7],OUT_OVFL_FLAT_EN,R/W,1'd0,Yes,Yes,,,,,,,,,,,,,,,,,,,,,,,,,,,,,,,,
,,[6],OUT_ECHOBIN_MODE,R/W,1'd0,Yes,Yes,,,,,,,,,,,,,,,,,,,,,,,,,,,,,,,,
,,[5],OUT_NUMBIN_MODE,R/W,1'd0,Yes,Yes,,,,,,,,,,,,,,,,,,,,,,,,,,,,,,,,
,,[4],OUT_FIR_RAW_SEL,R/W,1'd0,Yes,Yes,,,,,,,,,,,,,,,,,,,,,,,,,,,,,,,,
,,[3:1],OUT_ECHO_NUM,R/W,3'd0,Yes,Yes,,,,,,,,,,,,,,,,,,,,,,,,,,,,,,,,
,,[0],OUT_INTF_HIST_SEL,R/W,1'd0,Yes,Yes,,,,,,,,,,,,,,,,,,,,,,,,,,,,,,,,
0x00B3,DSP_CFG4,[7:4],Rev,R/W,4'd0,,,,,,,,,,,,,,,,,,,,,,,,,,,,,,,,,,
,,[3:0],ECHO_ORDER_NEAR_NUM,R/W,4'd0,Yes,Yes,,,,,,,,,,,,,,,,,,,,,,,,,,,,,,,,
0x00B4,DSP_RGM_CFG1,[7:4],Rev,R/W,4'd0,,,,,,,,,,,,,,,,,,,,,,,,,,,,,,,,,,
,,[3:0],FWHM_HALF_COEF,R/W,4'd0,Yes,Yes,,,,,,,,,,,,,,,,,,,,,,,,,,,,,,,,
0x00B5,DSP_RGM_CFG2,[7:0],DSP_RGM_CFG2,R/W,8'd0,,Yes,,,,,,,,,,,,,,,,,,,,,,,,,,,,,,,,
0x00B6,DSP_RGM_CFG3,[7:4],Rev,R/W,4'd0,,,,,,,,,,,,,,,,,,,,,,,,,,,,,,,,,,
,,[3:0],FWHM_SEARCH_NUM,R/W,4'd0,Yes,Yes,,,,,,,,,,,,,,,,,,,,,,,,,,,,,,,,
0x00C6,SPOT_MON_MINBIN_THRS,[7:0],SPOT_MON_MINBIN_THRS,R/W,8'd0,Yes,Yes,,,,,,,,,,,,,,,,,,,,,,,,,,,,,,,,
0x00C8,UNIQ_FUNC_CFG,[7:2],Rev,R/W,6'd0,,,,,,,,,,,,,,,,,,,,,,,,,,,,,,,,,,
,,[1:0],ULR_EN,R/W,2'd0,Yes,Yes,,,,,,,,,,,,,,,,,,,,,,,,,,,,,,,,
0x00CA,LSPRD_HOP_CFG1,[7],LSPRD_HOP_EN,R/W,1'd0,Yes,Yes,,,,,,,,,,,,,,,,,,,,,,,,,,,,,,,,
,,[6],Rev,R/W,1'd0,,,,,,,,,,,,,,,,,,,,,,,,,,,,,,,,,,
,,[5:0],LSPRD_HOP_STEP,R/W,6'd0,Yes,Yes,,,,,,,,,,,,,,,,,,,,,,,,,,,,,,,,
0x00CB,LSPRD_HOP_CFG2,[7:0],LSPRD_HOP_CNTS,R/W,8'd0,Yes,Yes,,,,,,,,,,,,,,,,,,,,,,,,,,,,,,,,
0x0104,CSI_CR,[7],BRS,R/W,1'd0,Yes,Yes,,,,,,,,,,,,,,,,,,,,,,,,,,,,,,,,
,,[6],UX,R/W,1'd0,Yes,Yes,,,,,,,,,,,,,,,,,,,,,,,,,,,,,,,,
,,[5],UE,R/W,1'd0,Yes,Yes,,,,,,,,,,,,,,,,,,,,,,,,,,,,,,,,
,,[4],TT,R/W,1'd0,Yes,Yes,,,,,,,,,,,,,,,,,,,,,,,,,,,,,,,,
,,[3],MIPI_CLOCK_MODE,R/W,1'd0,Yes,Yes,,,,,,,,,,,,,,,,,,,,,,,,,,,,,,,,
,,[2],CRCGE,R/W,1'd0,Yes,Yes,,,,,,,,,,,,,,,,,,,,,,,,,,,,,,,,
,,[1],Rev,R/W,1'd0,Yes,Yes,,,,,,,,,,,,,,,,,,,,,,,,,,,,,,,,
,,[0],SR,R/W,1'd0,Yes,Yes,,,,,,,,,,,,,,,,,,,,,,,,,,,,,,,,
0x0105,CSI_CLWR,[7:6],Rev,R/W,2'd0,,,,,,,,,,,,,,,,,,,,,,,,,,,,,,,,,,
,,[5:0],ClockLaneWaitCnt,R/W,6'h10,Yes,Yes,,,,,,,,,,,,,,,,,,,,,,,,,,,,,,,,
0x0106,CSI_CLTR,[7:6],Rev,R/W,2'd0,,,,,,,,,,,,,,,,,,,,,,,,,,,,,,,,,,
,,[5:0],ClockLaneTrailCnt,R/W,6'h10,Yes,Yes,,,,,,,,,,,,,,,,,,,,,,,,,,,,,,,,
0x0107,CSI_DLWR,[7],Rev,R/W,1'd0,,,,,,,,,,,,,,,,,,,,,,,,,,,,,,,,,,
,,[6:0],DataLaneWaitCnt,R/W,7'h24,Yes,Yes,,,,,,,,,,,,,,,,,,,,,,,,,,,,,,,,
0x010A,CSI_LANE_CTRL,[7:5],Rev,R/W,3'd0,,,,,,,,,,,,,,,,,,,,,,,,,,,,,,,,,,
,,[4],CLOCK_LAN,R/W,1'b0,,,,,,,,,,,,,,,,,,,,,,,,,,,,,,,,,,
,,[3:0],DATA_LANE,R/W,4'hF,Yes,Yes,,,,,,,,,,,,,,,,,,,,,,,,,,,,,,,,
0x0114,PKT_TYPE,[7:6],Rev,R/W,2'd0,,,,,,,,,,,,,,,,,,,,,,,,,,,,,,,,,,
,,[5:0],PKT_TYPE,R/W,6'd0,Yes,Yes,,,,,,,,,,,,,,,,,,,,,,,,,,,,,,,,
0x0118,VC0_WC_L,[7:0],VC0_WC[7:0],R/W,8'd0,Yes,Yes,,,,,,,,,,,,,,,,,,,,,,,,,,,,,,,,
0x0119,VC0_WC_H,[7:0],VC0_WC[15:8],R/W,8'd0,Yes,Yes,,,,,,,,,,,,,,,,,,,,,,,,,,,,,,,,
0x0128,VC0_FLNR_L,[7:0],VC0_FLNR[7:0],R/W,8'd0,Yes,Yes,,,,,,,,,,,,,,,,,,,,,,,,,,,,,,,,
0x0129,VC0_FLNR_H,[7:5],Rev,R/W,3'd0,,,,,,,,,,,,,,,,,,,,,,,,,,,,,,,,,,
,,[4:0],VC0_FLNR[12:8],R/W,5'd0,Yes,Yes,,,,,,,,,,,,,,,,,,,,,,,,,,,,,,,,
0x0150,VC0_THRESHOLD,[7:0],VC0_THRESHOLD,R/W,8'd0,Yes,Yes,,,,,,,,,,,,,,,,,,,,,,,,,,,,,,,,
0x0226,CLK_EXIT,[7:0],ClkTxThsexitCnt,R/W,8'h02,Yes,Yes,,,,,,,,,,,,,,,,,,,,,,,,,,,,,,,,
0x0227,CLK_ZERO,[7:0],ClkTxThszeroCnt,R/W,8'h3C,Yes,Yes,,,,,,,,,,,,,,,,,,,,,,,,,,,,,,,,
0x0228,CLK_TRAIL,[7:0],ClkTxThstrailCnt,R/W,8'h0F,Yes,Yes,,,,,,,,,,,,,,,,,,,,,,,,,,,,,,,,
0x022B,THS_EXIT,[7:0],DataTxThsexitCnt,R/W,8'h2,Yes,,,,,,,,,,,,,,,,,,,,,,,,,,,,,,,,,
0x022C,THS_PREPARE,[7:0],DataTxThsprepareCnt,R/W,8'h0,Yes,,,,,,,,,,,,,,,,,,,,,,,,,,,,,,,,,
0x022D,THS_ZERO,[7:0],DataTxThszeroCnt,R/W,8'h32,Yes,,,,,,,,,,,,,,,,,,,,,,,,,,,,,,,,,
0x022E,THS_TRAIL,[7:0],DataTxThstrailCnt,R/W,8'h11,Yes,,,,,,,,,,,,,,,,,,,,,,,,,,,,,,,,,
0x023B,CLK_POST,[7:2],ClkTxHsPostCnt,R/W,6'h11,Yes,Yes,,,,,,,,,,,,,,,,,,,,,,,,,,,,,,,,
,,[1],SelLatchClkTxRequestHSN,R/W,1'b0,,,,,,,,,,,,,,,,,,,,,,,,,,,,,,,,,,
,,[0],SelLatchTxRequestHSN,R/W,1'b0,,,,,,,,,,,,,,,,,,,,,,,,,,,,,,,,,,
